username,enabled,firstName,lastName,email
wgallemore0,TRUE,William,Gallemore,wgallemore0@myspace.com
emcfetridge1,TRUE,Eadie,McFetridge,emcfetridge1@cisco.com
gbrewood2,TRUE,Griffie,Brewood,gbrewood2@hostgator.com
linett3,TRUE,Lorilee,Inett,linett3@archive.org
ratwool4,TRUE,Rodolphe,Atwool,ratwool4@discuz.net
cbenedicte5,TRUE,Chelsea,Benedicte,cbenedicte5@alibaba.com